block_num,hash,from,to,value,gas_price,gas_used,timestamp
27522204,4d4fb22cdab9236204a9246d04baf0cff884969f3dd6648e539da914eecb09ee,0c2aa930884b04c60b1e3a35b5880e4cf6faf13c,bb8e513b2897ac9c1c47eecfcb42dbd4b77f9275,,15099494400000000000,25057,1708183293
27522213,222b61d3dc97ab62f6eb13793994dea02b9edfd93482456f4ea8e3995d39a87e,3231f3d06f2be5d26b7a5624df4153a49d9dad60,a2aa501b19aff244d90cc15a4cf739d2725b5729,216172782113783808,15099494400000000000,214195,1708183302
27522215,48e805296228186a6b5cc6a243a44d6bd919982c733c2b1640de0a70baccc40a,159daf9da8e3f62e398c7ea85a52cc4089a80d52,bb8e513b2897ac9c1c47eecfcb42dbd4b77f9275,,15099494400000000000,61251,1708183304
27522217,9e286bd58e5f25ff6a2fc6aeebaafc38f3b148ec6acc101840dfb0b486cce009,9922fbf14526cb9b46207c3d6d10361731d7c323,bb8e513b2897ac9c1c47eecfcb42dbd4b77f9275,,15099494400000000000,25057,1708183306
27522228,046f1dbe772be4226fd868d96b151c1771f07cd34aef9a1a9a17376683314f22,159daf9da8e3f62e398c7ea85a52cc4089a80d52,bb8e513b2897ac9c1c47eecfcb42dbd4b77f9275,,15099494400000000000,61251,1708183317
27522229,dfbc1aecb7ad6b19f7f8d50566da97570cc8ea34399f03371736464d4da21a26,c1d9599b6d9141d67479d49fb27129a079b57d7a,bb8e513b2897ac9c1c47eecfcb42dbd4b77f9275,,15099494400000000000,25057,1708183318
27522230,a2fc13a8ebe4d5d014a6508ba349ff916b05bc0d6c0ec4e76a6aca5969866941,29b10055b5bbd734ad11af9123291a10b79d517d,bb8e513b2897ac9c1c47eecfcb42dbd4b77f9275,,15099494400000000000,25057,1708183319
27522241,774fbc2d31a3ace32986003ead027a9e9cd3fb86b359212b6ba9bcc659c51c3f,159daf9da8e3f62e398c7ea85a52cc4089a80d52,bb8e513b2897ac9c1c47eecfcb42dbd4b77f9275,,15099494400000000000,61251,1708183330
27522244,60bd7cb8a60c5b2c7a55e1e26f97491538675fa0d97048d86c1b1dded85393f2,c172b20eaad3475b5245fea81da7021453596701,bb8e513b2897ac9c1c47eecfcb42dbd4b77f9275,,15099494400000000000,25057,1708183333
27522256,764e1653d79e21c51d65dcc488b87cd89b0683331e9cd087dfaf627a6fb09ef1,159daf9da8e3f62e398c7ea85a52cc4089a80d52,bb8e513b2897ac9c1c47eecfcb42dbd4b77f9275,,15099494400000000000,61251,1708183345
27522258,687ecd4ab3e475945842402cfa31570f1a916969cfd8b6012e07418b2865d2fd,03f3051d0de686f5e9a650f37216a328f6b39c26,bb8e513b2897ac9c1c47eecfcb42dbd4b77f9275,,15099494400000000000,25057,1708183347
27522262,0479f0ed41b6fa215d0f5009a52988b532d4acb3a93bdd6a44c9dce0514e987c,7d6b90c0dc712e06f55cddc4646e62d64fdc3ecd,bb8e513b2897ac9c1c47eecfcb42dbd4b77f9275,,15099494400000000000,58332,1708183351
27522268,6a406d3206058aa705f03ff01cb649812a9e02405cca2a0d08d411dc9c6d8fef,7d6b90c0dc712e06f55cddc4646e62d64fdc3ecd,bb8e513b2897ac9c1c47eecfcb42dbd4b77f9275,,15099494400000000000,58332,1708183357
27522270,75966b8d24fbdee418f1210c5b8eb178b63724db73e517addf117271f6d5a053,8ca7cc67c4fb537b820f391440be1146191066c0,bb8e513b2897ac9c1c47eecfcb42dbd4b77f9275,,15099494400000000000,25057,1708183359
27522280,2c6c77bffc7d1657ea67bc80c19bf934d315988a56bb19912fdfabe78271793c,159daf9da8e3f62e398c7ea85a52cc4089a80d52,bb8e513b2897ac9c1c47eecfcb42dbd4b77f9275,,15099494400000000000,61239,1708183369
27522282,b249f9ed1edfbf2a63df95b06fad7f184dab46fe985d914409073f4cd5408dcb,ef19f1b7dcdc70e514a9e9453300c9cd4cd80913,bb8e513b2897ac9c1c47eecfcb42dbd4b77f9275,,15099494400000000000,25057,1708183371
27522293,68d18620f6c5743e085f2d1cd338ab7f921f7532ced9afa14d290067839c24a5,436aa599d05f2281b27705f1bec0083d9cca5de7,bb8e513b2897ac9c1c47eecfcb42dbd4b77f9275,,15099494400000000000,61239,1708183382
27522295,b7405e5e6e7078a7d03334ee380ba0797c3a4521a1aa58b85b1a5a382532ffb7,3239fae1c5fd8c566a00492b231cef920353825e,bb8e513b2897ac9c1c47eecfcb42dbd4b77f9275,,15099494400000000000,25057,1708183384
27522305,88ec8a6877fb0d7987c4a73520e011d42311426b354aa460eb8d688cab6e950a,51769f40c46938dc7d43c391d3159caeda6512d1,bb8e513b2897ac9c1c47eecfcb42dbd4b77f9275,,15099494400000000000,25057,1708183394
27522306,2dab251e2aec23b5a0050ae43eb90e1e053837efa58ebe2354b81b53a009b4bb,159daf9da8e3f62e398c7ea85a52cc4089a80d52,bb8e513b2897ac9c1c47eecfcb42dbd4b77f9275,,15099494400000000000,61251,1708183395
27522307,22f5a79983531f35c6c222ac7da7bfa4c5b68f624589695fad981c7808c0d17a,442a4ff1541159fb0b2eff47017cc5615bd86851,bb8e513b2897ac9c1c47eecfcb42dbd4b77f9275,,15099494400000000000,25057,1708183396
27522308,cb1c53b87d13706a765f8d3bec437f7bb0afa7d3b1b9d00ab9f1afd07fa9fac2,4e216123dd2ec7f69008c47d84b0429c2a8f6cbd,bb8e513b2897ac9c1c47eecfcb42dbd4b77f9275,,15099494400000000000,25057,1708183397
27522311,1cd8e0480d8441de5b0275d79f1886fa071c2bab89e2ea810263840b3dc50255,8a2be71834e2a630921e91bdae1a30c8cb508ca9,bb8e513b2897ac9c1c47eecfcb42dbd4b77f9275,,15099494400000000000,25057,1708183400
27522319,88073a98138f2cb2fbc556feea2c32b321ffa6ac476194c1826efe141f18f502,159daf9da8e3f62e398c7ea85a52cc4089a80d52,bb8e513b2897ac9c1c47eecfcb42dbd4b77f9275,,15099494400000000000,61239,1708183408
27522320,ee76647fbb95d9f36dc17bf2afd4d340a3b6f64e9882517de76e95da21615cf9,f7e9f66bfb0c2a7ff937a611cb700b9e290c7888,bb8e513b2897ac9c1c47eecfcb42dbd4b77f9275,,15099494400000000000,25057,1708183409
27522321,7e0ea1349e9da75e0c95ad85d0df23c3f1acbe384d809b3d18cfdab2f0945111,29797c927bb90db418afc8cdbc8da89700b53bd1,bb8e513b2897ac9c1c47eecfcb42dbd4b77f9275,,15099494400000000000,25057,1708183410
27522332,03930f6dff9541dc5b9f8918add2b03e22a37bf447aac02a9a392c1d17301788,159daf9da8e3f62e398c7ea85a52cc4089a80d52,bb8e513b2897ac9c1c47eecfcb42dbd4b77f9275,,15099494400000000000,61251,1708183421
27522334,c1afde54ebf22a5813db8759c1491be6b29baa348862e1082a9e76a97f67a00e,e2f52d9adac030ff9f89a581d588cfea5ac08b17,bb8e513b2897ac9c1c47eecfcb42dbd4b77f9275,,15099494400000000000,25057,1708183423
27522346,f1ff72e9ce8c1e8ff64effd2ad6170e85e4bf1249c1f2cedde7a28a3e82cf2e0,159daf9da8e3f62e398c7ea85a52cc4089a80d52,bb8e513b2897ac9c1c47eecfcb42dbd4b77f9275,,15099494400000000000,61251,1708183435
27522348,534f1f84ee8f1959cb3cc82a6e6552d2ea6e0a409ffc02b62d2285024ec670f1,da580da5d802bb34a1132596f0448d14f696e675,bb8e513b2897ac9c1c47eecfcb42dbd4b77f9275,,15099494400000000000,25057,1708183437
27522358,d522c1db008ccf76f3684eb0336c0cb5ed8033f08a2db664953236aa2d7cf405,159daf9da8e3f62e398c7ea85a52cc4089a80d52,bb8e513b2897ac9c1c47eecfcb42dbd4b77f9275,,15099494400000000000,61251,1708183447
27522360,275f43aeaf3dcdb58c617b0fc644de97a35bab09121bc61160475ad572f078ee,5ad8834b62ac3cecd6305f5d0240cc0ae34f937e,bb8e513b2897ac9c1c47eecfcb42dbd4b77f9275,,15099494400000000000,25057,1708183449
27522371,b01d8c8848a5be8d5b74745dad4bdff94e1ae41f39093c454b62af64392de861,159daf9da8e3f62e398c7ea85a52cc4089a80d52,bb8e513b2897ac9c1c47eecfcb42dbd4b77f9275,,15099494400000000000,61251,1708183460
27522373,b696551eaf6cf425994aa6e158e73d5a66ce3412d15192bb5b5ff45b7c767801,0e0b4ba8f17c1837a11cad58f35dde672b53987e,bb8e513b2897ac9c1c47eecfcb42dbd4b77f9275,,15099494400000000000,25057,1708183462
27522384,3a878deb75ffc28873c6d53b364b8dd28d73f77cde22be6766c4bf141fe5f39c,436aa599d05f2281b27705f1bec0083d9cca5de7,bb8e513b2897ac9c1c47eecfcb42dbd4b77f9275,,15099494400000000000,61239,1708183473
27522386,5a0b801cdebf5617dd35392cfb30fe70d4fb92194662c8a41db593799b5bb96d,e5a579ccdd2c52e630a46b02ab22aec02f5aa950,bb8e513b2897ac9c1c47eecfcb42dbd4b77f9275,,15099494400000000000,25057,1708183475
27522397,a082df8df0e3b2ac8b3448d6ba0af65ae5eddf0c8b4c1fc49fb7c64c142a9413,159daf9da8e3f62e398c7ea85a52cc4089a80d52,bb8e513b2897ac9c1c47eecfcb42dbd4b77f9275,,15099494400000000000,61239,1708183486
27522398,7048bc4c814900052124aceaea3835c7c99b71c7337386914434420a5148deaa,9aea7e44397c00116dd19faf67b7b7f564ec9246,bb8e513b2897ac9c1c47eecfcb42dbd4b77f9275,,15099494400000000000,25057,1708183487
27522399,f58e2980a9758ebb912d9669aecedc13989480e7e2e4ddc216dec3e9a851de3c,7d6b90c0dc712e06f55cddc4646e62d64fdc3ecd,bb8e513b2897ac9c1c47eecfcb42dbd4b77f9275,,15099494400000000000,36263,1708183488
27522410,1e054d0c790d09a82bf2075d5dee14af2383918a06a1faa412edd195c01d22e3,159daf9da8e3f62e398c7ea85a52cc4089a80d52,bb8e513b2897ac9c1c47eecfcb42dbd4b77f9275,,15099494400000000000,61251,1708183499
27522411,6560d0a0f2b10fe95fb6ebacd8867bd5868c65ad70c4e6fef02692be19a94e4e,06825fcaf0a41a85d61064196b1f38c2dda290f8,bb8e513b2897ac9c1c47eecfcb42dbd4b77f9275,,15099494400000000000,36700,1708183500
27522412,a6141de52b80a9aa38413a9a0b20218b9aa67585d104261be2041f92c0f74592,b9c0e66afa375a563a33515905ce874db5510f1f,bb8e513b2897ac9c1c47eecfcb42dbd4b77f9275,,15099494400000000000,25057,1708183501
27522423,287057ac0eb846f1c2b8e4b7fa297cd0b0aaf2659255b520a544fe27cd66bd07,159daf9da8e3f62e398c7ea85a52cc4089a80d52,bb8e513b2897ac9c1c47eecfcb42dbd4b77f9275,,15099494400000000000,61251,1708183512
27522425,5662767187ad3bf427cc9d44a67b4e135dd13807ee871e52c270aaa5c08822a6,c386fdca4dec8157191167a4cfa5d9c90c3a3f44,bb8e513b2897ac9c1c47eecfcb42dbd4b77f9275,,15099494400000000000,25057,1708183514
27522436,8b3fa9e1185304ecff24225fedae52030dda3e44f7db642513e8560d00b013ba,159daf9da8e3f62e398c7ea85a52cc4089a80d52,bb8e513b2897ac9c1c47eecfcb42dbd4b77f9275,,15099494400000000000,61251,1708183525
27522438,34bd87a8052aec935eac0501ac3df0c9e7d306fa1620e5e7e57ee35d0fa5a6aa,aecca197d55ab5b6b0208e5f75ba17c02f58e297,bb8e513b2897ac9c1c47eecfcb42dbd4b77f9275,,15099494400000000000,25057,1708183527
27522449,46c5226f353b967aff334dee351a616f896307203d9ede277157c7669367dc99,436aa599d05f2281b27705f1bec0083d9cca5de7,bb8e513b2897ac9c1c47eecfcb42dbd4b77f9275,,15099494400000000000,61251,1708183538
27522451,46a566ff056bdae89fdb4ff22bcd3661d4e6754d823d03a3244b6120225d063a,f37fe2cfafa0cc9f73ec4c5959edf67b70f5dba9,bb8e513b2897ac9c1c47eecfcb42dbd4b77f9275,,15099494400000000000,25057,1708183540
27522462,168ea04965325c03cd7b6bcdfa58b9078932fb19a14c555c8301ec56a18d08c7,159daf9da8e3f62e398c7ea85a52cc4089a80d52,bb8e513b2897ac9c1c47eecfcb42dbd4b77f9275,,15099494400000000000,61251,1708183551
27522465,a687a7b4cac1f5474f7aa4fe37783ffd081df1129f52a1dcceb1feeb011967fa,9a3d2ef38a4550bc69e9a2b1934f43eb150e72b5,bb8e513b2897ac9c1c47eecfcb42dbd4b77f9275,,15099494400000000000,25057,1708183554
27522475,5349446231f4a0cc3ef4b854aa07e9f330ad4632916b98f86cd7152008cecf65,159daf9da8e3f62e398c7ea85a52cc4089a80d52,bb8e513b2897ac9c1c47eecfcb42dbd4b77f9275,,15099494400000000000,61251,1708183564
27522477,260cd0dd36bc015a64171e710994c717c2ec71c2420a7d07ae722f59f5387db8,a5cc439ee5e2640e9b2e3589be95dc8ac15c256e,bb8e513b2897ac9c1c47eecfcb42dbd4b77f9275,,15099494400000000000,25057,1708183566
27522488,a9984baa7353622130e3fe1e9658701ffeb15ee1906e7e2727099287d8ee445e,159daf9da8e3f62e398c7ea85a52cc4089a80d52,bb8e513b2897ac9c1c47eecfcb42dbd4b77f9275,,15099494400000000000,61251,1708183577
27522490,cb6fbe72094de5a2a62a824fff493c171587a0b6f629d4a2bd3193041fe01f70,bc9b47d9445cf755a057615857cf54f8c0a280cc,bb8e513b2897ac9c1c47eecfcb42dbd4b77f9275,,15099494400000000000,25057,1708183579
27522501,856b7a453a2740244f06159bed3966c03c2a1e4e488bf121f45833da5e47eaf1,159daf9da8e3f62e398c7ea85a52cc4089a80d52,bb8e513b2897ac9c1c47eecfcb42dbd4b77f9275,,15099494400000000000,61251,1708183590
27522508,756dc67c9ab9441c6f6926dbbd3dd7ca2f35aac69b6d02d9dca94961a4fa976f,628e47fd3c6617db9fa56739817829d5a28c8be8,bb8e513b2897ac9c1c47eecfcb42dbd4b77f9275,,15099494400000000000,25057,1708183597
27522514,603155e71b6396b197711b4af3027827b3c2611a19a67e45427cf8f16a923c32,159daf9da8e3f62e398c7ea85a52cc4089a80d52,bb8e513b2897ac9c1c47eecfcb42dbd4b77f9275,,15099494400000000000,61251,1708183603
27522516,95b81594908839addf0259339da836d97f1ce9a233559c01c3951ad01dd8a8d8,74efd7521a9b2a2b0372b66daef8b561ac31c4d7,bb8e513b2897ac9c1c47eecfcb42dbd4b77f9275,,15099494400000000000,25057,1708183605
27522527,33e7cf4dfa0d95e9c7185b93cff5894d7f14da45f1722b7f026c2d537c3a10f7,159daf9da8e3f62e398c7ea85a52cc4089a80d52,bb8e513b2897ac9c1c47eecfcb42dbd4b77f9275,,15099494400000000000,61251,1708183616
27522530,48ae640a4ceb80afbda4ef1b8c1bb0c2c9583a38a3d979bb9d069ec395996819,23f5a7713f5d3d4943f0415418aba8783d9020e0,bb8e513b2897ac9c1c47eecfcb42dbd4b77f9275,,15099494400000000000,25057,1708183619
